lat,lon,elevation,distance,slope,speed_optimal
43.672008,40.298313,581.0,0.0,0.0,50.0
43.671679,40.298832,581.0,55.5,0.0,50.0
43.671652,40.298805,581.0,59.21,0.0,50.0
43.671584,40.298739,581.0,68.45,0.0,50.0
43.671472,40.298681,581.0,81.75,0.0,50.0
43.67143,40.298623,581.0,88.35,0.0,50.0
43.67136,40.298497,581.0,101.13,0.0,50.0
43.671298,40.298382,581.0,112.66,0.0,50.0
43.671241,40.298263,581.0,124.14,0.0,50.0
43.671135,40.298028,581.0,146.42,0.0,50.0
43.671056,40.29776,562.0,169.69,-39.2242,10.0
43.670985,40.297487,562.0,193.03,0.0,50.0
43.670884,40.297135,562.0,223.48,0.0,50.0
43.670793,40.296755,654.0,255.68,70.7129,10.0
43.670751,40.296492,654.0,277.34,0.0,50.0
43.670743,40.296251,654.0,296.74,0.0,50.0
43.670752,40.296028,654.0,314.71,0.0,50.0
43.670764,40.295877,654.0,326.93,0.0,50.0
43.670787,40.295738,625.0,338.39,-68.4229,10.0
43.670823,40.295573,625.0,352.26,0.0,50.0
43.670963,40.294972,558.0,403.04,-52.8396,10.0
43.671212,40.29408,558.0,479.94,0.0,50.0
43.671571,40.292952,561.0,579.06,1.7336,45.67
43.672186,40.291256,613.0,731.64,18.8185,10.0
43.672502,40.290406,613.0,808.51,0.0,50.0
43.672631,40.290103,613.0,836.79,0.0,50.0
43.672768,40.289827,613.0,863.71,0.0,50.0
43.67289,40.289605,613.0,886.13,0.0,50.0
43.673006,40.289402,559.0,906.94,-68.9276,10.0
43.6731,40.289246,559.0,923.27,0.0,50.0
43.673589,40.288439,559.0,1007.94,0.0,50.0
43.673748,40.288219,559.0,1032.95,0.0,50.0
43.673916,40.288039,559.0,1056.59,0.0,50.0
43.674211,40.287771,559.0,1095.84,0.0,50.0
43.674349,40.287654,559.0,1113.84,0.0,50.0
43.674511,40.287519,559.0,1134.87,0.0,50.0
43.674676,40.28735,613.0,1157.7,67.0796,10.0
43.67476,40.287241,613.0,1170.51,0.0,50.0
43.674857,40.287099,613.0,1186.22,0.0,50.0
43.674985,40.286858,613.0,1210.27,0.0,50.0
43.675095,40.286616,557.0,1233.25,-67.6828,10.0
43.675216,40.286234,557.0,1266.79,0.0,50.0
43.675324,40.285832,557.0,1301.28,0.0,50.0
43.675374,40.285697,557.0,1313.48,0.0,50.0
43.675466,40.285386,544.0,1340.5,-25.691,10.0
43.675485,40.285342,544.0,1344.62,0.0,50.0
43.6755,40.285297,544.0,1348.61,0.0,50.0
43.675613,40.285088,544.0,1369.59,0.0,50.0
43.675503,40.285015,544.0,1383.16,0.0,50.0
43.675346,40.284952,544.0,1401.34,0.0,50.0
43.675247,40.284913,544.0,1412.79,0.0,50.0
43.67511,40.284794,544.0,1430.78,0.0,50.0
43.674937,40.284621,583.0,1454.52,58.6694,10.0
43.674762,40.284442,583.0,1478.72,0.0,50.0
43.674551,40.284235,583.0,1507.49,0.0,50.0
43.674415,40.284131,583.0,1524.77,0.0,50.0
43.674261,40.284068,583.0,1542.63,0.0,50.0
43.674116,40.284058,583.0,1558.77,0.0,50.0
43.67401,40.28409,583.0,1570.84,0.0,50.0
43.673908,40.28415,583.0,1583.16,0.0,50.0
43.673828,40.284209,583.0,1593.25,0.0,50.0
43.673748,40.284332,583.0,1606.55,0.0,50.0
43.673669,40.284485,583.0,1621.67,0.0,50.0
43.673638,40.284622,583.0,1633.21,0.0,50.0
43.673623,40.284802,583.0,1647.79,0.0,50.0
43.673642,40.284956,583.0,1660.35,0.0,50.0
43.67369,40.28521,583.0,1681.46,0.0,50.0
43.673853,40.285501,613.0,1711.07,45.3831,10.0
43.674044,40.285798,613.0,1743.03,0.0,50.0
43.674149,40.286075,613.0,1768.18,0.0,50.0
43.674243,40.286364,613.0,1793.66,0.0,50.0
43.674273,40.286538,613.0,1808.05,0.0,50.0
43.674305,40.286649,613.0,1817.66,0.0,50.0
43.674308,40.286733,613.0,1824.42,0.0,50.0
43.67428,40.286788,613.0,1829.83,0.0,50.0
43.67425,40.286816,613.0,1833.86,0.0,50.0
43.674174,40.286801,613.0,1842.4,0.0,50.0
43.674087,40.286703,613.0,1854.87,0.0,50.0
43.673964,40.286437,613.0,1880.27,0.0,50.0
43.673828,40.286113,613.0,1910.39,0.0,50.0
43.673753,40.285949,613.0,1926.0,0.0,50.0
43.673706,40.28587,613.0,1934.23,0.0,50.0
43.673653,40.285808,613.0,1941.94,0.0,50.0
43.673551,40.285723,613.0,1955.19,0.0,50.0
43.673388,40.285639,613.0,1974.53,0.0,50.0
43.673231,40.285643,613.0,1991.99,0.0,50.0
43.673048,40.285708,613.0,2013.0,0.0,50.0
43.672887,40.28579,648.0,2032.08,61.4052,10.0
43.672698,40.285882,648.0,2054.36,0.0,50.0
43.67255,40.285931,648.0,2071.28,0.0,50.0
43.672385,40.285942,648.0,2089.65,0.0,50.0
43.672253,40.285905,648.0,2104.63,0.0,50.0
43.672132,40.285837,648.0,2119.15,0.0,50.0
43.671976,40.28572,648.0,2138.88,0.0,50.0
43.671785,40.285568,648.0,2163.39,0.0,50.0
43.67171,40.28551,648.0,2172.95,0.0,50.0
43.671649,40.285499,648.0,2179.79,0.0,50.0
43.671581,40.285516,648.0,2187.47,0.0,50.0
43.671543,40.285572,648.0,2193.65,0.0,50.0
43.67153,40.285659,648.0,2200.79,0.0,50.0
43.671544,40.285742,648.0,2207.65,0.0,50.0
43.671581,40.285827,648.0,2215.62,0.0,50.0
43.671663,40.285917,648.0,2227.27,0.0,50.0
43.671752,40.285997,648.0,2239.07,0.0,50.0
43.672025,40.286205,648.0,2273.73,0.0,50.0
43.67225,40.286415,648.0,2303.92,0.0,50.0
43.672329,40.286534,648.0,2316.91,0.0,50.0
43.672399,40.286678,648.0,2330.86,0.0,50.0
43.672443,40.286839,648.0,2344.7,0.0,50.0
43.672453,40.287013,648.0,2358.74,0.0,50.0
43.672419,40.287194,648.0,2373.78,0.0,50.0
43.672347,40.287425,648.0,2394.01,0.0,50.0
43.672204,40.287702,666.0,2421.38,33.3303,10.0
43.672071,40.287962,666.0,2447.0,0.0,50.0
43.671974,40.288207,666.0,2469.46,0.0,50.0
43.671916,40.288423,666.0,2487.99,0.0,50.0
43.671852,40.288846,666.0,2522.75,0.0,50.0
43.671832,40.289133,666.0,2545.94,0.0,50.0
43.671807,40.289255,666.0,2556.14,0.0,50.0
43.671765,40.289319,666.0,2563.09,0.0,50.0
43.671707,40.289344,666.0,2569.84,0.0,50.0
43.671663,40.289336,666.0,2574.78,0.0,50.0
43.671618,40.289293,666.0,2580.86,0.0,50.0
43.67159,40.289213,666.0,2588.01,0.0,50.0
43.671593,40.289066,666.0,2599.84,0.0,50.0
43.671635,40.288757,666.0,2625.12,0.0,50.0
43.671815,40.287666,666.0,2715.12,0.0,50.0
43.671833,40.287454,648.0,2732.29,-46.3555,10.0
43.671831,40.287355,648.0,2740.26,0.0,50.0
43.671811,40.287272,648.0,2747.29,0.0,50.0
43.671762,40.287173,648.0,2756.94,0.0,50.0
43.671689,40.287079,648.0,2768.03,0.0,50.0
43.671642,40.287042,648.0,2774.05,0.0,50.0
43.671594,40.28702,648.0,2779.67,0.0,50.0
43.671532,40.287012,648.0,2786.59,0.0,50.0
43.67146,40.287025,648.0,2794.67,0.0,50.0
43.671325,40.287091,648.0,2810.59,0.0,50.0
43.671206,40.287216,648.0,2827.21,0.0,50.0
43.671124,40.287331,648.0,2840.2,0.0,50.0
43.671053,40.287439,648.0,2851.94,0.0,50.0
43.67094,40.287643,666.0,2872.6,41.0556,10.0
43.670864,40.287924,666.0,2896.73,0.0,50.0
43.670855,40.28811,666.0,2911.72,0.0,50.0
43.670883,40.288568,666.0,2948.69,0.0,50.0
43.670888,40.28879,666.0,2966.56,0.0,50.0
43.670874,40.288957,666.0,2980.08,0.0,50.0
43.670834,40.289076,666.0,2990.63,0.0,50.0
43.670777,40.289178,710.0,3001.0,76.7422,10.0
43.670744,40.289233,710.0,3006.75,0.0,50.0
43.6707,40.289279,710.0,3012.88,0.0,50.0
43.670649,40.289331,710.0,3019.93,0.0,50.0
43.67058,40.289389,710.0,3028.91,0.0,50.0
43.670476,40.289469,710.0,3042.14,0.0,50.0
43.669897,40.289786,686.0,3111.39,-19.1157,10.0
43.669672,40.289847,686.0,3136.88,0.0,50.0
43.669546,40.28985,686.0,3150.89,0.0,50.0
43.669436,40.289812,686.0,3163.5,0.0,50.0
43.669005,40.289557,710.0,3215.63,24.721,10.0
43.668636,40.289324,719.0,3260.74,11.2835,21.79
43.668497,40.289257,719.0,3277.11,0.0,50.0
43.668405,40.289222,719.0,3287.72,0.0,50.0
43.668328,40.289218,719.0,3296.29,0.0,50.0
43.668247,40.28924,719.0,3305.46,0.0,50.0
43.66817,40.289286,719.0,3314.79,0.0,50.0
43.668114,40.289374,719.0,3324.22,0.0,50.0
43.668081,40.289475,719.0,3333.13,0.0,50.0
43.668072,40.289598,728.0,3343.08,42.148,10.0
43.668109,40.289753,728.0,3356.21,0.0,50.0
43.668163,40.289928,728.0,3371.51,0.0,50.0
43.668247,40.290149,728.0,3391.59,0.0,50.0
43.668279,40.29035,728.0,3408.14,0.0,50.0
43.668261,40.290534,728.0,3423.08,0.0,50.0
43.668199,40.2909,728.0,3453.31,0.0,50.0
43.668136,40.291189,728.0,3477.59,0.0,50.0
43.668024,40.291418,728.0,3499.82,0.0,50.0
43.667746,40.291772,707.0,3541.85,-26.5501,10.0
43.667489,40.292074,707.0,3579.36,0.0,50.0
43.667263,40.29234,707.0,3612.36,0.0,50.0
43.667065,40.29257,707.0,3641.12,0.0,50.0
43.666885,40.292767,707.0,3666.65,0.0,50.0
43.666639,40.292953,780.0,3697.83,66.8729,10.0
43.66649,40.293045,780.0,3715.97,0.0,50.0
43.666388,40.293164,780.0,3730.81,0.0,50.0
43.666346,40.293307,780.0,3743.23,0.0,50.0
43.666356,40.293486,780.0,3757.67,0.0,50.0
43.666393,40.293663,780.0,3772.49,0.0,50.0
43.666494,40.293923,814.0,3796.22,55.0783,10.0
43.66658,40.294159,814.0,3817.48,0.0,50.0
43.666624,40.294326,814.0,3831.78,0.0,50.0
43.666622,40.294546,814.0,3849.47,0.0,50.0
43.666574,40.294749,814.0,3866.65,0.0,50.0
43.666553,40.29491,814.0,3879.81,0.0,50.0
43.666563,40.295055,814.0,3891.53,0.0,50.0
43.666602,40.295208,814.0,3904.57,0.0,50.0
43.666692,40.295448,697.0,3926.32,-79.4718,10.0
43.666842,40.295785,697.0,3958.15,0.0,50.0
43.667024,40.296097,751.0,3990.38,59.1621,10.0
43.667215,40.29637,751.0,4020.93,0.0,50.0
43.667312,40.296604,751.0,4042.63,0.0,50.0
43.667354,40.296777,751.0,4057.3,0.0,50.0
43.667374,40.296942,751.0,4070.76,0.0,50.0
43.667376,40.296969,751.0,4072.94,0.0,50.0
43.667394,40.2972,751.0,4091.63,0.0,50.0
43.667408,40.297409,751.0,4108.51,0.0,50.0
43.667441,40.29755,751.0,4120.43,0.0,50.0
43.667473,40.297633,751.0,4128.0,0.0,50.0
43.667541,40.297762,751.0,4140.84,0.0,50.0
43.667607,40.297893,751.0,4153.68,0.0,50.0
43.667811,40.298122,812.0,4182.9,64.4046,10.0
43.668282,40.298503,812.0,4243.58,0.0,50.0
43.668416,40.29864,812.0,4262.11,0.0,50.0
43.668512,40.298789,812.0,4278.16,0.0,50.0
43.668576,40.299015,812.0,4297.68,0.0,50.0
43.668621,40.299367,812.0,4326.43,0.0,50.0
43.668693,40.299698,812.0,4354.23,0.0,50.0
43.668782,40.299881,716.0,4371.97,-79.5322,10.0
43.668956,40.300159,783.0,4401.54,66.1869,10.0
43.669125,40.300391,783.0,4428.02,0.0,50.0
43.669216,40.300568,783.0,4445.49,0.0,50.0
43.669275,40.300702,783.0,4458.11,0.0,50.0
43.669308,40.300828,783.0,4468.88,0.0,50.0
43.669338,40.300933,783.0,4477.96,0.0,50.0
43.669354,40.301049,783.0,4487.46,0.0,50.0
43.669353,40.301087,783.0,4490.52,0.0,50.0
43.669341,40.30114,783.0,4494.99,0.0,50.0
43.669316,40.301181,783.0,4499.3,0.0,50.0
43.669296,40.301199,783.0,4501.95,0.0,50.0
43.669277,40.301204,783.0,4504.1,0.0,50.0
43.669243,40.301211,783.0,4507.93,0.0,50.0
43.669201,40.301203,783.0,4512.64,0.0,50.0
43.669164,40.301174,783.0,4517.37,0.0,50.0
43.669106,40.301133,783.0,4524.61,0.0,50.0
43.669025,40.301062,783.0,4535.28,0.0,50.0
43.668623,40.300757,800.0,4586.27,18.4385,10.0
43.668328,40.300594,800.0,4621.59,0.0,50.0
43.668099,40.300513,800.0,4647.88,0.0,50.0
43.667847,40.300471,800.0,4676.1,0.0,50.0
43.667287,40.300394,800.0,4738.68,0.0,50.0
43.667025,40.300313,800.0,4768.53,0.0,50.0
43.666788,40.300154,800.0,4797.82,0.0,50.0
43.666508,40.299881,863.0,4835.92,58.8366,10.0
43.66636,40.299796,863.0,4853.74,0.0,50.0
43.666233,40.299765,863.0,4868.08,0.0,50.0
43.666054,40.299811,863.0,4888.33,0.0,50.0
43.665857,40.299925,863.0,4912.07,0.0,50.0
43.665667,40.300011,788.0,4934.31,-73.4897,10.0
43.665499,40.300035,788.0,4953.09,0.0,50.0
43.665129,40.30002,788.0,4994.25,0.0,50.0
43.664797,40.299977,863.0,5031.32,63.6932,10.0
43.664614,40.299918,863.0,5052.22,0.0,50.0
43.664344,40.299743,895.0,5085.38,43.9811,10.0
43.664211,40.299712,895.0,5100.38,0.0,50.0
43.663658,40.299636,895.0,5162.17,0.0,50.0
43.663501,40.299617,895.0,5179.69,0.0,50.0
43.663395,40.299622,895.0,5191.49,0.0,50.0
43.663298,40.299657,895.0,5202.63,0.0,50.0
43.663171,40.299736,895.0,5218.12,0.0,50.0
43.663036,40.299843,895.0,5235.42,0.0,50.0
43.662913,40.29992,895.0,5250.44,0.0,50.0
43.662785,40.299948,895.0,5264.85,0.0,50.0
43.662604,40.299975,895.0,5285.09,0.0,50.0
43.662426,40.299993,906.0,5304.94,28.9987,10.0
43.662148,40.300054,840.0,5336.24,-64.6283,10.0
43.662055,40.300063,840.0,5346.6,0.0,50.0
43.661929,40.300035,840.0,5360.79,0.0,50.0
43.661594,40.2999,906.0,5399.59,59.549,10.0
43.66132,40.29982,906.0,5430.73,0.0,50.0
43.661162,40.299818,906.0,5448.3,0.0,50.0
43.661013,40.299862,906.0,5465.25,0.0,50.0
43.6608,40.299969,906.0,5490.45,0.0,50.0
43.660604,40.300073,840.0,5513.79,-70.5209,10.0
43.660431,40.300132,840.0,5533.6,0.0,50.0
43.660067,40.300191,867.0,5574.36,33.5261,10.0
43.659814,40.30024,867.0,5602.76,0.0,50.0
43.659671,40.300293,867.0,5619.23,0.0,50.0
43.659512,40.300423,867.0,5639.77,0.0,50.0
43.659373,40.300614,867.0,5661.56,0.0,50.0
43.659273,40.300926,867.0,5689.01,0.0,50.0
43.658767,40.302678,878.0,5840.77,4.1458,39.64
43.658733,40.302946,878.0,5862.66,0.0,50.0
43.658784,40.303175,878.0,5881.93,0.0,50.0
43.658872,40.303401,878.0,5902.58,0.0,50.0
43.65902,40.303695,878.0,5931.39,0.0,50.0
43.659878,40.305138,924.0,6081.65,17.0216,10.0
43.659932,40.305403,924.0,6103.8,0.0,50.0
43.659928,40.30578,924.0,6134.13,0.0,50.0
43.659847,40.306205,924.0,6169.48,0.0,50.0
43.659454,40.307927,934.0,6314.74,3.9383,40.15
43.659408,40.308152,934.0,6333.54,0.0,50.0
43.659388,40.308512,956.0,6362.59,37.1416,10.0
43.659463,40.308898,956.0,6394.74,0.0,50.0
43.659623,40.309217,956.0,6425.97,0.0,50.0
43.660191,40.310005,956.0,6515.45,0.0,50.0
43.660268,40.310169,956.0,6531.18,0.0,50.0
43.660331,40.310383,956.0,6549.76,0.0,50.0
43.66036,40.310529,1015.0,6561.94,78.3363,10.0
43.660365,40.310637,1015.0,6570.65,0.0,50.0
43.660378,40.310759,1015.0,6580.57,0.0,50.0
43.660405,40.310885,1015.0,6591.14,0.0,50.0
43.660449,40.310983,988.0,6600.42,-71.0353,10.0
43.660581,40.311058,988.0,6616.29,0.0,50.0
43.660691,40.311041,988.0,6628.6,0.0,50.0
43.660831,40.310986,988.0,6644.78,0.0,50.0
43.661217,40.310765,988.0,6691.24,0.0,50.0
43.661388,40.310644,988.0,6712.6,0.0,50.0
43.661588,40.310485,988.0,6738.25,0.0,50.0
43.662024,40.309888,939.0,6806.49,-35.6805,10.0
43.662219,40.309605,939.0,6837.93,0.0,50.0
43.662363,40.309432,939.0,6859.15,0.0,50.0
43.662481,40.309333,939.0,6874.49,0.0,50.0
43.662612,40.309263,999.0,6890.11,75.4106,10.0
43.662971,40.309136,999.0,6931.32,0.0,50.0
43.663008,40.309128,999.0,6935.48,0.0,50.0
43.663418,40.30904,999.0,6981.62,0.0,50.0
43.663656,40.309074,999.0,7008.22,0.0,50.0
43.663791,40.309155,999.0,7024.59,0.0,50.0
43.66398,40.309314,999.0,7049.19,0.0,50.0
43.664709,40.310265,948.0,7160.65,-24.5877,10.0
43.664784,40.310419,994.0,7175.58,72.0149,10.0
43.664809,40.310496,994.0,7182.37,0.0,50.0
43.664786,40.310608,994.0,7191.73,0.0,50.0
43.664719,40.310664,994.0,7200.44,0.0,50.0
43.664651,40.310642,994.0,7208.2,0.0,50.0
43.664466,40.310467,1039.0,7233.13,61.0172,10.0
43.664264,40.31023,999.0,7262.59,-53.6276,10.0
43.664086,40.310024,999.0,7288.4,0.0,50.0
43.664024,40.309966,999.0,7296.73,0.0,50.0
43.663895,40.309894,999.0,7312.2,0.0,50.0
43.663776,40.309845,999.0,7326.0,0.0,50.0
43.663553,40.309864,999.0,7350.85,0.0,50.0
43.663403,40.309931,999.0,7368.38,0.0,50.0
43.663084,40.310168,999.0,7408.65,0.0,50.0
43.662795,40.310426,1039.0,7446.9,46.278,10.0
43.662673,40.310601,1039.0,7466.45,0.0,50.0
43.662506,40.310968,1039.0,7501.33,0.0,50.0
43.662412,40.311269,988.0,7527.7,-62.6563,10.0
43.662367,40.31148,988.0,7545.39,0.0,50.0
43.662381,40.311575,988.0,7553.19,0.0,50.0
43.662414,40.311631,988.0,7559.0,0.0,50.0
43.662451,40.311671,988.0,7564.23,0.0,50.0
43.662511,40.311681,1039.0,7570.95,82.4937,10.0
43.662564,40.311651,1039.0,7577.31,0.0,50.0
43.662618,40.311579,1039.0,7585.66,0.0,50.0
43.662722,40.3114,1039.0,7604.12,0.0,50.0
43.662818,40.311273,1039.0,7618.9,0.0,50.0
43.662897,40.311211,1039.0,7629.0,0.0,50.0
43.662923,40.31119,1039.0,7632.35,0.0,50.0
43.663046,40.311148,1039.0,7646.44,0.0,50.0
43.663249,40.311124,1039.0,7669.09,0.0,50.0
43.663517,40.311192,1039.0,7699.39,0.0,50.0
43.663739,40.311313,1039.0,7725.93,0.0,50.0
43.663928,40.311453,1039.0,7749.77,0.0,50.0
43.66412,40.311658,1039.0,7776.74,0.0,50.0
43.664572,40.312119,1039.0,7839.2,0.0,50.0
43.664649,40.312222,994.0,7851.12,-75.1705,10.0
43.664673,40.312289,994.0,7857.13,0.0,50.0
43.664684,40.312372,994.0,7863.92,0.0,50.0
43.664668,40.312471,994.0,7872.08,0.0,50.0
43.664618,40.312543,1047.0,7880.11,81.3865,10.0
43.664515,40.31254,1095.0,7891.56,76.577,10.0
43.664424,40.312523,1095.0,7901.77,0.0,50.0
43.664304,40.312491,1039.0,7915.36,-76.3598,10.0
43.664243,40.312476,1039.0,7922.25,0.0,50.0
43.664036,40.312424,1039.0,7945.65,0.0,50.0
43.663791,40.312393,1039.0,7973.0,0.0,50.0
43.663637,40.312399,1039.0,7990.13,0.0,50.0
43.663428,40.312433,1039.0,8013.53,0.0,50.0
43.663256,40.31249,1039.0,8033.2,0.0,50.0
43.663111,40.312559,1095.0,8050.25,73.0646,10.0
43.662982,40.312675,1095.0,8067.37,0.0,50.0
43.662781,40.312897,1095.0,8095.97,0.0,50.0
43.662568,40.313201,1095.0,8130.02,0.0,50.0
43.662434,40.313407,1049.0,8152.3,-64.1522,10.0
43.662292,40.313668,1049.0,8178.57,0.0,50.0
43.662195,40.313896,1049.0,8199.85,0.0,50.0
43.662068,40.314242,1049.0,8231.06,0.0,50.0
43.661949,40.314633,1089.0,8265.18,49.5337,10.0
43.661685,40.315651,1089.0,8352.17,0.0,50.0
43.661397,40.316643,1089.0,8438.16,0.0,50.0
43.6613,40.317023,1131.0,8470.57,52.3395,10.0
